keyword,language,topic,topicColor,keywordColor,limitPages,ratioNew,continent,geonames,latitude,longitude,geotype,country,ipcc
'Îles Turques et Caïques',fr,Turks and Caicos Islands,#65ea45,#65ea45,2,0.890000000000,CENTRAL-AMERICA,3576916,21.733330000000,-71.583330000000,A,Îles Turques-et-Caïques,CAR
'Guatemala',fr,Guatemala,#91e939,#91e939,2,0.890000000000,CENTRAL-AMERICA,3595528,15.500000000000,-90.250000000000,A,Guatemala,SCA
'grand-mère',fr,Bonaire; Saint Eustatius and Saba ,#a7ef6f,#a7ef6f,2,0.890000000000,NORTH-AMERICA,4994353,42.008250000000,-86.544360000000,H,États-Unis,ENA
'Tokelau',fr,Tokelau,#05147B,#05147B,2,0.890000000000,,-1,,,,,
'Kazakhstan',fr,Kazakhstan,#8b7bf0,#8b7bf0,2,0.890000000000,ASIA,1522867,48.000000000000,68.000000000000,A,Kazakhstan,WSB
'Île Christmas',fr,Christmas Island,#a317d0,#a317d0,2,0.890000000000,INDIAN,2078138,-10.500000000000,105.666670000000,A,Île Christmas,SIO
'Virgin Islands',fr,U.S. Virgin Islands,#0EAD55,#0EAD55,2,0.890000000000,,-1,,,,,
'Koweit',fr,Kuwait,#5574ec,#5574ec,2,0.890000000000,ASIA,285570,29.500000000000,47.750000000000,A,Koweït,ARP
'Jérusalem-Est',fr,Palestinian Territory,#5a96ec,#5a96ec,3,0.870574434259,EUROPE-AFRICA,7303419,31.783360000000,35.233880000000,P,Palestine,MED
'Koweït ville',fr,Kuwait,#9EAEB4,#9EAEB4,2,0.865450045000,,-1,,,,,
'Territoire palestinien',fr,Palestinian Territory,#879448,#879448,3,0.833590368636,,-1,,,,,
'Port-aux-Français',fr,French Southern Territories,#210e80,#210e80,3,0.824484552136,SOUTHERN,1546102,-49.349160000000,70.219370000000,P,Terres australes françaises,SOO
'Antarctique',fr,Antarctica,#073546,#073546,3,0.797004009045,POLAR,6255152,-78.158560000000,16.406260000000,L,,EAN
'Charlotte-Amélie',fr,U.S. Virgin Islands,#0EAD55,#0EAD55,2,0.795525240000,,-1,,,,,
'Ouest-de-l'Île',fr,Cocos Islands,#1e0e80,#1e0e80,3,0.783174660478,SOUTHERN,1546171,-49.348180000000,68.710600000000,T,Terres australes françaises,SOO
'Vatican',fr,Vatican,#6ed4ee,#6ed4ee,3,0.782294422267,EUROPE-AFRICA,3164670,41.902250000000,12.453300000000,A,Vatican,MED
'Guatemala-ville',fr,Guatemala,#74C8D9,#74C8D9,1,0.777877527750,,-1,,,,,
'Îles Vierges américaines',fr,U.S. Virgin Islands,#0EAD55,#0EAD55,2,0.765900090000,,-1,,,,,
'Tokélaou',fr,Tokelau,#05147B,#05147B,1,0.765000000000,,-1,,,,,
'Bonaire ; Saint Eustache et Saba',fr,Bonaire; Saint Eustatius and Saba ,#05E5B4,#05E5B4,1,0.765000000000,,-1,,,,,
'Ville de Cockburn',fr,Turks and Caicos Islands,#81434C,#81434C,1,0.765000000000,,-1,,,,,
'Noursoultan',fr,Kazakhstan,#BBD1D4,#BBD1D4,1,0.765000000000,,-1,,,,,
'Crique du poisson volant',fr,Christmas Island,#0C2D52,#0C2D52,1,0.765000000000,,-1,,,,,
'Îles Cocos',fr,Cocos Islands,#8616cc,#8616cc,1,0.741752538588,INDIAN,1547376,-12.164200000000,96.873320000000,A,Îles Cocos,SIO
'Cité du Vatican',fr,Vatican,#6ed4ee,#6ed4ee,2,0.732834327175,EUROPE-AFRICA,6691831,41.902680000000,12.454140000000,P,Vatican,MED
'Terres australes françaises',fr,French Southern Territories,#1e0f8d,#1e0f8d,1,0.723016827175,SOUTHERN,1546748,-43.000000000000,67.000000000000,A,Terres australes françaises,SOO
'Pitcairn',fr,Pitcairn,#b29713,#b29713,2,0.722777527750,PACIFIC,4030699,-25.066670000000,-130.100000000000,A,Pitcairn,SPO
'Îles mineures éloignées des États-Unis',fr,United States Minor Outlying Islands,#e65f25,#e65f25,1,0.722726809418,PACIFIC,5854968,5.875000000000,-162.057000000000,A,Îles mineures éloignées des États-Unis,EPO
'Géorgie du Sud et îles Sandwich du Sud',fr,South Georgia and the South Sandwich Islands,#0c733a,#0c733a,1,0.722500000000,SOUTHERN,3474415,-56.000000000000,-33.000000000000,A,Géorgie du Sud-et-les îles Sandwich du Sud,SOO
'Grytviken',fr,South Georgia and the South Sandwich Islands,#0d7636,#0d7636,1,0.722500000000,SOUTHERN,3426466,-54.281110000000,-36.509200000000,P,Géorgie du Sud-et-les îles Sandwich du Sud,SOO
'Île Bouvet',fr,Bouvet Island,#0d7076,#0d7076,1,0.722500000000,SOUTHERN,3371123,-54.433330000000,3.400000000000,A,Île Bouvet,SOO
'Adamstown',fr,Pitcairn,#b29713,#b29713,1,0.722500000000,PACIFIC,4030723,-25.065970000000,-130.101470000000,P,Pitcairn,SPO
'Île Heard et îles McDonald',fr,Heard Island and McDonald Islands,#250d79,#250d79,1,0.722500000000,SOUTHERN,1547314,-53.117110000000,73.509520000000,A,Île Heard et îles McDonald,SOO
'Île Norfolk',fr,Norfolk Island,#aa1231,#aa1231,2,0.647045951860,PACIFIC,2155115,-29.033330000000,167.950000000000,A,Île Norfolk,SPO
'Nioué',fr,Niue,#be3115,#be3115,2,0.561680517082,PACIFIC,4036232,-19.033330000000,-169.866670000000,A,Niue,SPO
'Alofi',fr,Niue,#be3115,#be3115,2,0.561680517082,PACIFIC,4036284,-19.052940000000,-169.919570000000,P,Niue,SPO
'Longyearbyen',fr,Svalbard and Jan Mayen,#b9e7f7,#b9e7f7,2,0.492156862745,ARCTIC,2729907,78.223340000000,15.646890000000,P,Svalbard et Jan Mayen,ARO
'Svalbard et Jan Mayen',fr,Svalbard and Jan Mayen,#b8e2f7,#b8e2f7,2,0.492156862745,ARCTIC,607072,78.000000000000,20.000000000000,A,Svalbard et Jan Mayen,ARO
'Îles Falkland',fr,Falkland Islands,#0d7b0f,#0d7b0f,2,0.479075056861,SOUTH-AMERICA,3474414,-51.750000000000,-59.166670000000,A,Îles Malouines,SSA
'Stanley',fr,Falkland Islands,#0d7c11,#0d7c11,2,0.479075056861,SOUTH-AMERICA,3426691,-51.693820000000,-57.857010000000,P,Îles Malouines,SSA
'Diego García',fr,British Indian Ocean Territory,#3f17d6,#3f17d6,2,0.350000000000,INDIAN,1282575,-7.312640000000,72.451610000000,T,Territoire britannique de l'océan Indien,EIO
'Territoire britannique de l'océan Indien',fr,British Indian Ocean Territory,#3e18d9,#3e18d9,2,0.350000000000,INDIAN,1282588,-6.000000000000,72.000000000000,A,Territoire britannique de l'océan Indien,EIO
'Saint-Pierre-et-Miquelon',fr,Saint Pierre and Miquelon,#79f080,#79f080,2,0.242612664005,NORTH-AMERICA,3424932,46.833330000000,-56.333330000000,A,Saint-Pierre et Miquelon,ENA
'Saint Pierre',fr,Saint Pierre and Miquelon,#93c2f3,#93c2f3,2,0.242612664005,EUROPE,498817,59.938630000000,30.314130000000,P,Russie,NEU
'Jamestown',fr,Saint Helena,#15c5b4,#15c5b4,2,0.234048257373,ATLANTIC,3370903,-15.924880000000,-5.718160000000,P,Sainte-Hélène,SAO
'Sainte-Hélène',fr,Saint Helena,#15c4b4,#15c4b4,2,0.234048257373,ATLANTIC,3370751,-15.950000000000,-5.700000000000,A,Sainte-Hélène,SAO
'Gustavia',fr,Saint Barthelemy,#46e93e,#46e93e,2,0.218343195266,CENTRAL-AMERICA,3579132,17.896180000000,-62.849780000000,P,Saint-Barthélemy,CAR
'Saint Barthélemy',fr,Saint Barthelemy,#46e93e,#46e93e,2,0.218343195266,CENTRAL-AMERICA,3578476,17.900000000000,-62.825700000000,A,Saint-Barthélemy,CAR
'Montserrat',fr,Montserrat,#42e93b,#42e93b,2,0.207054919174,CENTRAL-AMERICA,3578097,16.750000000000,-62.200000000000,A,Montserrat,CAR
'Plymouth',fr,Montserrat,#95101d,#95101d,2,0.207054919174,OCEANIA,2186239,-39.066670000000,174.083330000000,P,Nouvelle-Zélande,NZ
'Funafuti',fr,Tuvalu,#d4171a,#d4171a,2,0.186896072298,PACIFIC,2110394,-8.524250000000,179.194170000000,P,Tuvalu,EPO
'Tuvalu',fr,Tuvalu,#d4171a,#d4171a,2,0.186896072298,PACIFIC,2110297,-8.517190000000,179.144780000000,A,Tuvalu,EPO
'Yaren',fr,Nauru,#e41945,#e41945,2,0.178715365239,PACIFIC,7626461,-0.550850000000,166.925200000000,P,Nauru,EPO
'Nauru',fr,Nauru,#e41945,#e41945,2,0.178715365239,PACIFIC,2110425,-0.517000000000,166.933000000000,A,Nauru,EPO
'La Vallée',fr,Anguilla,#29e7d7,#29e7d7,2,0.175448921080,AFRICA,2290956,7.693850000000,-5.030310000000,P,Côte d'Ivoire,WAF
'Anguilla',fr,Anguilla,#47e93e,#47e93e,2,0.175448921080,CENTRAL-AMERICA,3573511,18.216670000000,-63.050000000000,A,Anguilla,CAR
'Wallis et Futuna',fr,Wallis and Futuna,#ca2116,#ca2116,2,0.162402496100,PACIFIC,4034749,-13.300000000000,-176.200000000000,A,Wallis-et-Futuna,SPO
'Mata Utu',fr,Wallis and Futuna,#ca2116,#ca2116,2,0.162402496100,PACIFIC,4034821,-13.281630000000,-176.174530000000,P,Wallis-et-Futuna,SPO
'Mélékeok',fr,Palau,#e728b8,#e728b8,2,0.155844083319,PACIFIC,4037930,7.494000000000,134.634500000000,A,Palaos,EPO
'Palaos',fr,Palau,#e728b8,#e728b8,2,0.155844083319,PACIFIC,1559582,7.503000000000,134.621000000000,A,Palaos,EPO
'Îles Cook',fr,Cook Islands,#ba4c14,#ba4c14,2,0.146755189826,PACIFIC,1899402,-21.248420000000,-159.785160000000,A,Îles Cook,SPO
'Avarua',fr,Cook Islands,#ba4c14,#ba4c14,2,0.146755189826,PACIFIC,4035715,-21.207500000000,-159.775460000000,P,Îles Cook,SPO
'Mariehamn',fr,Aland Islands,#94d3f3,#94d3f3,2,0.137437759724,EUROPE,3041732,60.097260000000,19.934810000000,P,Îles Åland,NEU
'Îles Aland',fr,Aland Islands,#d417ca,#d417ca,2,0.137437759724,ASIA,8425350,-8.481200000000,122.947900000000,T,Indonésie,SEA
'Israël',fr,Israel,#5997ec,#5997ec,2,0.134556597065,EUROPE-AFRICA,294640,31.500000000000,34.750000000000,A,Israël,MED
'Îles Vierges britanniques',fr,British Virgin Islands,#4ce93f,#4ce93f,2,0.133554794980,CENTRAL-AMERICA,3577718,18.500000000000,-64.500000000000,A,Îles Vierges,CAR
'Route Ville',fr,British Virgin Islands,#78e8f0,#78e8f0,2,0.133554794980,EUROPE,12319052,46.766990000000,3.796230000000,P,France,WCE
'Gibraltar',fr,Gibraltar,#63ede1,#63ede1,2,0.129657749570,EUROPE-AFRICA,2411585,36.144740000000,-5.352570000000,P,Gibraltar,MED
'Saint-Marin',fr,San Marino,#73d5ef,#73d5ef,2,0.129598934438,EUROPE-AFRICA,3168068,43.936700000000,12.446300000000,A,Saint-Marin,MED
'Marigot',fr,Saint Martin,#47e93e,#47e93e,2,0.126835551739,CENTRAL-AMERICA,3578851,18.068190000000,-63.083020000000,P,Saint-Martin,CAR
'Vaduz',fr,Liechtenstein,#79ddf0,#79ddf0,2,0.126378264310,EUROPE,3042030,47.141510000000,9.521540000000,P,Liechtenstein,WCE
'Liechtenstein',fr,Liechtenstein,#79ddf0,#79ddf0,2,0.126378264310,EUROPE,3042058,47.166670000000,9.533330000000,A,Liechtenstein,WCE
'Monaco',fr,Monaco,#72dfef,#72dfef,2,0.125851817383,EUROPE-AFRICA,2993457,43.731410000000,7.419030000000,A,Monaco,MED
'Philipsbourg',fr,Sint Maarten,#3fe93b,#3fe93b,2,0.124597825552,CENTRAL-AMERICA,3578631,16.438170000000,-61.471240000000,P,Guadeloupe,CAR
'Saint-Martin',fr,Sint Maarten,#47e93e,#47e93e,2,0.124597825552,CENTRAL-AMERICA,7609695,18.041670000000,-63.066670000000,A,Saint-Martin,CAR
'Tórshavn',fr,Faroe Islands,#97f3e9,#97f3e9,2,0.120619832155,EUROPE,2611396,62.009730000000,-6.771640000000,P,Îles Féroé,NEU
'Îles Féroé',fr,Faroe Islands,#97f3e8,#97f3e8,2,0.120619832155,EUROPE,2622320,62.000000000000,-7.000000000000,A,Îles Féroé,NEU
'Saint-Kitts-et-Nevis',fr,Saint Kitts and Nevis,#44e93c,#44e93c,2,0.119069049027,CENTRAL-AMERICA,3575174,17.333330000000,-62.750000000000,A,Saint-Christophe-et-Niévès,CAR
'Basseterre',fr,Saint Kitts and Nevis,#44e93c,#44e93c,2,0.119069049027,CENTRAL-AMERICA,3575551,17.295500000000,-62.724990000000,P,Saint-Christophe-et-Niévès,CAR
'Samoa américaines',fr,American Samoa,#c83516,#c83516,2,0.118029387902,PACIFIC,5880801,-14.233770000000,-169.477670000000,A,Samoa américaines,SPO
'Pago Pago',fr,American Samoa,#c83116,#c83116,2,0.118029387902,PACIFIC,5881576,-14.278060000000,-170.702500000000,P,Samoa américaines,SPO
'Nuuk',fr,Greenland,#9cf4a8,#9cf4a8,2,0.117849174476,POLAR,3421319,64.183470000000,-51.721570000000,P,Groenland,GIC
'Groenland',fr,Greenland,#acf5c4,#acf5c4,2,0.117849174476,POLAR,3425505,72.000000000000,-40.000000000000,A,Groenland,GIC
'Saipan',fr,Northern Mariana Islands,#e8389d,#e8389d,2,0.117580253859,PACIFIC,7828758,15.212330000000,145.754500000000,P,Îles Mariannes du Nord,NPO
'Îles Mariannes du Nord',fr,Northern Mariana Islands,#e8389d,#e8389d,2,0.117580253859,PACIFIC,4041468,15.214000000000,145.756000000000,A,Îles Mariannes du Nord,NPO
'Îles Marshall',fr,Marshall Islands,#e72843,#e72843,2,0.117119476829,PACIFIC,2080185,7.113000000000,171.236000000000,A,Îles Marshall,EPO
'Majuro',fr,Marshall Islands,#e72743,#e72743,2,0.117119476829,PACIFIC,2113779,7.089710000000,171.380270000000,P,Îles Marshall,EPO
'Bermudes',fr,Bermuda,#66ec5b,#66ec5b,2,0.115632816408,ATLANTIC,3573345,32.330220000000,-64.740030000000,A,Bermudes,NAO
'Hamilton',fr,Bermuda,#66ec5b,#66ec5b,2,0.115632816408,ATLANTIC,3573197,32.294900000000,-64.783030000000,P,Bermudes,NAO
'Îles Caïmans',fr,Cayman Islands,#7be941,#7be941,2,0.115582634712,CENTRAL-AMERICA,3580718,19.500000000000,-80.666670000000,A,Îles Caïmans,CAR
'George Town',fr,Cayman Islands,#7de940,#7de940,2,0.115582634712,CENTRAL-AMERICA,3580661,19.286600000000,-81.374360000000,P,Îles Caïmans,CAR
'Guernesey',fr,Guernsey,#7ef0eb,#7ef0eb,2,0.115330839517,EUROPE,3042362,49.454740000000,-2.576290000000,A,Guernesey,WCE
'Saint-Pierre-Port',fr,Guernsey,#7ef0eb,#7ef0eb,2,0.115330839517,EUROPE,3042287,49.459810000000,-2.535270000000,P,Guernesey,WCE
'Roseau',fr,Dominica,#3ce838,#3ce838,2,0.113961605585,CENTRAL-AMERICA,3575635,15.301740000000,-61.388080000000,P,Dominique,CAR
'Dominique',fr,Dominica,#3de939,#3de939,2,0.113961605585,CENTRAL-AMERICA,3575830,15.500000000000,-61.333330000000,A,Dominique,CAR
'Andorre-la-Vieille',fr,Andorra,#70ebef,#70ebef,2,0.112986001091,EUROPE-AFRICA,3041563,42.507790000000,1.521090000000,P,Andorre,MED
'Andorre',fr,Andorra,#70ebef,#70ebef,2,0.112986001091,EUROPE-AFRICA,3041565,42.550000000000,1.583330000000,A,Andorre,MED
'Douglas',fr,Isle of Man,#87f1e9,#87f1e9,2,0.111893859200,EUROPE,3042237,54.150000000000,-4.483330000000,P,Île de Man,NEU
'Île de Man',fr,Isle of Man,#88f1e9,#88f1e9,2,0.111893859200,EUROPE,3042225,54.250000000000,-4.500000000000,A,Île de Man,NEU
'Jersey',fr,Jersey,#7df0ec,#7df0ec,2,0.111011760560,EUROPE,3042142,49.216670000000,-2.116670000000,A,Jersey,WCE
'Saint Hélier',fr,Jersey,#7df0ec,#7df0ec,2,0.111011760560,EUROPE,3042091,49.188040000000,-2.104910000000,P,Jersey,WCE
'Antigua-et-Barbuda',fr,Antigua and Barbuda,#41e93c,#41e93c,2,0.110385725858,CENTRAL-AMERICA,3576396,17.050000000000,-61.800000000000,A,Antigua-et-Barbuda,CAR
'Seychelles',fr,Seychelles,#1826dc,#1826dc,2,0.110334635497,INDIAN,241170,-4.583330000000,55.666670000000,A,Seychelles,EIO
'Victoria',fr,Seychelles,#1827dc,#1827dc,2,0.110334635497,INDIAN,241131,-4.620010000000,55.455010000000,P,Seychelles,EIO
'Fort de France',fr,Martinique,#3ae837,#3ae837,2,0.109739407596,CENTRAL-AMERICA,3570675,14.603650000000,-61.074180000000,P,Martinique,CAR
'Tonga',fr,Tonga,#bc2214,#bc2214,2,0.109690204173,PACIFIC,4032283,-20.000000000000,-175.000000000000,A,Tonga,SPO
'Nuku'alofa',fr,Tonga,#ba2114,#ba2114,2,0.109690204173,PACIFIC,4032402,-21.136830000000,-175.201140000000,P,Tonga,SPO
'Oranjestad',fr,Aruba,#51e833,#51e833,2,0.109447777410,CENTRAL-AMERICA,3577154,12.523980000000,-70.027030000000,P,Aruba,CAR
'Aruba',fr,Aruba,#51e832,#51e832,2,0.109447777410,CENTRAL-AMERICA,3577279,12.500000000000,-69.966670000000,A,Aruba,CAR
'Kingstown',fr,Saint Vincent and the Grenadines,#38e834,#38e834,2,0.109073504460,CENTRAL-AMERICA,3577887,13.155270000000,-61.227420000000,P,Saint-Vincent-et-les-Grenadines,CAR
'Saint-Vincent-et-les Grenadines',fr,Saint Vincent and the Grenadines,#37e834,#37e834,2,0.109073504460,CENTRAL-AMERICA,3577815,13.083330000000,-61.200000000000,A,Saint-Vincent-et-les-Grenadines,CAR
'Saint-Georges',fr,Grenada,#37e832,#37e832,2,0.108972311447,CENTRAL-AMERICA,3579925,12.052880000000,-61.752260000000,P,Grenade,CAR
'Grenade',fr,Grenada,#37e832,#37e832,2,0.108972311447,CENTRAL-AMERICA,3580239,12.116670000000,-61.666670000000,A,Grenade,CAR
'Micronésie',fr,Micronesia,#e6265a,#e6265a,2,0.108877840909,PACIFIC,7729900,6.533650000000,163.740230000000,L,,EPO
'Palikir',fr,Micronesia,#e7276d,#e7276d,2,0.108877840909,PACIFIC,2081986,6.924770000000,158.161090000000,P,Micronésie,EPO
'Kiribati',fr,Kiribati,#e51c33,#e51c33,2,0.108632075065,PACIFIC,4030945,1.421000000000,172.984000000000,A,Kiribati,EPO
'Tarawa',fr,Kiribati,#e51c33,#e51c33,2,0.108632075065,PACIFIC,2110257,1.327800000000,172.976960000000,P,Kiribati,EPO
'Curaçao',fr,Curacao,#4de832,#4de832,2,0.106255904009,CENTRAL-AMERICA,7626836,12.166670000000,-68.966670000000,A,Curaçao,CAR
'France',fr,France,#77ebef,#77ebef,2,0.106215509667,EUROPE,3017382,46.000000000000,2.000000000000,A,France,WCE
'Hagatna',fr,Guam,#e8349e,#e8349e,2,0.106032527388,PACIFIC,4044012,13.475670000000,144.748860000000,P,Guam,NPO
'Guam',fr,Guam,#e8349e,#e8349e,2,0.106032527388,PACIFIC,4043988,13.478610000000,144.818340000000,A,Guam,NPO
'Castries',fr,Saint Lucia,#39e836,#39e836,2,0.105497858584,CENTRAL-AMERICA,3576812,13.995700000000,-61.006140000000,P,Sainte-Lucie,CAR
'Sainte-Lucie',fr,Saint Lucia,#38e835,#38e835,2,0.105497858584,CENTRAL-AMERICA,3576468,13.883330000000,-60.966670000000,A,Sainte-Lucie,CAR
'Guyane française',fr,French Guiana,#21e638,#21e638,2,0.105114932534,SOUTH-AMERICA,3381670,4.000000000000,-53.000000000000,A,Guyane,NSA
'Cayenne',fr,French Guiana,#23e63c,#23e63c,2,0.105114932534,SOUTH-AMERICA,3382160,4.938100000000,-52.334550000000,P,Guyane,NSA
'Apia',fr,Samoa,#c92e16,#c92e16,2,0.105098659053,PACIFIC,4035413,-13.833330000000,-171.766660000000,P,Samoa,SPO
'Samoa',fr,Samoa,#c92d16,#c92d16,2,0.105098659053,PACIFIC,4034894,-13.800000000000,-172.133330000000,A,Samoa,SPO
'Sao Tomé',fr,Sao Tome and Principe,#14b538,#14b538,2,0.105058168943,SOUTH-AMERICA,3448439,-23.547500000000,-46.636110000000,P,Brésil,SES
'Sao Tomé et Principe',fr,Sao Tome and Principe,#1bcee5,#1bcee5,2,0.105058168943,AFRICA,2410758,1.000000000000,7.000000000000,A,Sao Tomé-et-Principe,WAF
'Paris',fr,France,#7decf0,#7decf0,2,0.104976980997,EUROPE,2988507,48.853410000000,2.348800000000,P,France,WCE
'Turquie',fr,Turkey,#69a0ee,#69a0ee,2,0.104974207569,EUROPE-AFRICA,298795,39.000000000000,35.000000000000,A,Turquie,MED
'Martinique',fr,Martinique,#3ae837,#3ae837,2,0.104789698166,CENTRAL-AMERICA,3570311,14.666670000000,-61.000000000000,A,Martinique,CAR
'Nouvelle-Calédonie',fr,New Caledonia,#b9143c,#b9143c,2,0.104759853876,PACIFIC,2139685,-21.500000000000,165.500000000000,A,Nouvelle-Calédonie,SPO
'Liban',fr,Lebanon,#5e97ed,#5e97ed,2,0.103868482616,EUROPE-AFRICA,272103,33.833330000000,35.833330000000,A,Liban,MED
'El-Aaiun',fr,Western Sahara,#50ebc9,#50ebc9,2,0.103662896325,AFRICA,2462881,27.141800000000,-13.187970000000,P,Sahara Occidental,SAH
'Sahara occidental',fr,Western Sahara,#4eebc5,#4eebc5,2,0.103662896325,AFRICA,2463029,26.130730000000,-14.485130000000,P,Sahara Occidental,SAH
'Papeete',fr,French Polynesia,#c16c15,#c16c15,2,0.103601280615,PACIFIC,4033936,-17.534700000000,-149.568430000000,P,Polynésie française,SPO
'Polynésie française',fr,French Polynesia,#c68b16,#c68b16,2,0.103601280615,PACIFIC,4030656,-15.000000000000,-140.000000000000,A,Polynésie française,SPO
'Mayotte',fr,Mayotte,#1643cb,#1643cb,2,0.103578188792,AFRICA,1024031,-12.833330000000,45.166670000000,A,Mayotte,MDG
'Mamoudzou',fr,Mayotte,#1643cb,#1643cb,2,0.103578188792,AFRICA,921815,-12.782340000000,45.228780000000,P,Mayotte,MDG
'Nouméa',fr,New Caledonia,#b81439,#b81439,2,0.103520383018,PACIFIC,2139521,-22.274070000000,166.448840000000,P,Nouvelle-Calédonie,SPO
'Guadeloupe',fr,Guadeloupe,#3fe93a,#3fe93a,2,0.103497613983,CENTRAL-AMERICA,3579143,16.250000000000,-61.583330000000,A,Guadeloupe,CAR
'Barbade',fr,Barbados,#34e835,#34e835,2,0.103488684452,CENTRAL-AMERICA,3374084,13.164530000000,-59.551650000000,A,Barbade,CAR
'Bridgetown',fr,Barbados,#34e835,#34e835,2,0.103488684452,CENTRAL-AMERICA,3374036,13.107320000000,-59.620210000000,P,Barbade,CAR
'Vanuatu',fr,Vanuatu,#c4153a,#c4153a,2,0.103416700834,PACIFIC,2134431,-16.333300000000,167.500000000000,A,Vanuatu,SPO
'Port-Vila',fr,Vanuatu,#c11536,#c11536,2,0.103416700834,PACIFIC,2135171,-17.736480000000,168.313660000000,P,Vanuatu,SPO
'Antilles néerlandaises',fr,Netherlands Antilles,#4de832,#4de832,2,0.103333333333,CENTRAL-AMERICA,8505032,12.117210000000,-68.919640000000,A,,CAR
'Willemstad',fr,Netherlands Antilles,#4de832,#4de832,2,0.103333333333,CENTRAL-AMERICA,3513090,12.122460000000,-68.886410000000,P,Curaçao,CAR
'Reykjavík',fr,Iceland,#9cf4d4,#9cf4d4,2,0.102828262259,POLAR,3413829,64.135480000000,-21.895410000000,P,Islande,GIC
'Islande',fr,Iceland,#9ef4da,#9ef4da,2,0.102828262259,POLAR,2629691,65.000000000000,-18.000000000000,A,Islande,GIC
'Beyrouth',fr,Lebanon,#5e98ed,#5e98ed,2,0.102628441039,EUROPE-AFRICA,276781,33.893320000000,35.501570000000,P,Liban,MED
'Bélize',fr,Belize,#8fe93c,#8fe93c,2,0.102610482130,CENTRAL-AMERICA,3582678,17.250000000000,-88.750000000000,A,Belize,SCA
'Belmopan',fr,Belize,#8fe93c,#8fe93c,2,0.102610482130,CENTRAL-AMERICA,3582672,17.253760000000,-88.764010000000,P,Belize,SCA
'Bahamas',fr,Bahamas,#7aeb4c,#7aeb4c,2,0.102593092003,NORTH-AMERICA,3572887,25.040820000000,-77.371220000000,A,Bahamas,ENA
'Nassau',fr,Bahamas,#7aeb4c,#7aeb4c,2,0.102593092003,NORTH-AMERICA,3571824,25.058230000000,-77.343060000000,P,Bahamas,ENA
'Suède',fr,Sweden,#97dcf3,#97dcf3,2,0.102580693757,EUROPE,2661886,62.000000000000,15.000000000000,A,Suède,NEU
'L'Iran',fr,Iran,#5a6bec,#5a6bec,2,0.102494824993,ASIA,130758,32.000000000000,53.000000000000,A,Iran,WCA
'Allemagne',fr,Germany,#82ddf1,#82ddf1,2,0.102494658967,EUROPE,2921044,51.500000000000,10.500000000000,A,Allemagne,WCE
'Washington',fr,United States,#8eee68,#8eee68,2,0.102485668095,NORTH-AMERICA,4140963,38.895110000000,-77.036370000000,P,États-Unis,ENA
'Chine',fr,China,#ca60ed,#ca60ed,2,0.102483322818,ASIA,1814991,35.000000000000,105.000000000000,A,Chine,EAS
'Brunéi',fr,Brunei,#d522e6,#d522e6,2,0.102331208825,ASIA,1820814,4.500000000000,114.666670000000,A,Brunei,SEA
'Bandar Seri Begawan',fr,Brunei,#d623e6,#d623e6,2,0.102331208825,ASIA,1820906,4.890350000000,114.940060000000,P,Brunei,SEA
'Basse Terre',fr,Guadeloupe,#3fe93a,#3fe93a,2,0.102257336343,CENTRAL-AMERICA,3579732,15.997140000000,-61.732140000000,P,Guadeloupe,CAR
'Malte',fr,Malta,#62cced,#62cced,2,0.102068124005,EUROPE-AFRICA,2562770,35.916670000000,14.433330000000,A,Malte,MED
'La Valette',fr,Malta,#71e2ef,#71e2ef,2,0.102068124005,EUROPE-AFRICA,3005825,43.137630000000,5.983170000000,P,France,MED
'Guinée équatoriale',fr,Equatorial Guinea,#1cc2e5,#1cc2e5,2,0.102005176412,AFRICA,2309096,1.700000000000,10.500000000000,A,Guinée équatoriale,CAF
'Port d'Espagne',fr,Trinidad and Tobago,#33e72f,#33e72f,2,0.101960745091,SOUTH-AMERICA,3573890,10.666680000000,-61.518890000000,P,Trinité-et-Tobago,NSA
'Maldives',fr,Maldives,#4a20e6,#4a20e6,2,0.101939126927,INDIAN,1282028,3.200000000000,73.000000000000,A,Maldives,EIO
'Mâle',fr,Maldives,#4e22e6,#4e22e6,2,0.101939126927,INDIAN,1282027,4.175210000000,73.509160000000,P,Maldives,EIO
'Plage',fr,Cabo Verde,#50ebc9,#50ebc9,2,0.101839022964,AFRICA,2461993,27.096110000000,-13.415830000000,P,Sahara Occidental,SAH
'Cap-Vert',fr,Cabo Verde,#3ae9a3,#3ae9a3,2,0.101839022964,ATLANTIC,3374766,16.000000000000,-24.000000000000,A,Cap-Vert,NAO
'Paramaribo',fr,Suriname,#25e635,#25e635,2,0.101736138238,SOUTH-AMERICA,3383330,5.866380000000,-55.166820000000,P,Suriname,NSA
'Surinam',fr,Suriname,#21e62e,#21e62e,2,0.101736138238,SOUTH-AMERICA,3382998,4.000000000000,-56.000000000000,A,Suriname,NSA
'Luxembourg',fr,Luxembourg,#7ee5f0,#7ee5f0,2,0.101645472975,EUROPE,2960313,49.750000000000,6.166670000000,A,Luxembourg,WCE
'Monténégro',fr,Montenegro,#70c6ef,#70c6ef,2,0.101606825796,EUROPE-AFRICA,3194884,42.750000000000,19.250000000000,A,Monténégro,MED
'Podgorica',fr,Montenegro,#70c6ef,#70c6ef,2,0.101606825796,EUROPE-AFRICA,3193044,42.441110000000,19.263610000000,P,Monténégro,MED
'Qatar',fr,Qatar,#4d64eb,#4d64eb,2,0.101600967414,ASIA,289688,25.500000000000,51.250000000000,A,Qatar,ARP
'Macao',fr,Macao,#d846ea,#d846ea,2,0.101583190318,ASIA,1821274,22.200560000000,113.546110000000,P,Macao,EAS
'Honiara',fr,Solomon Islands,#d21755,#d21755,2,0.101531726654,PACIFIC,2108502,-9.433330000000,159.950000000000,P,Îles Salomon,EPO
'Îles Salomon',fr,Solomon Islands,#d5175a,#d5175a,2,0.101531726654,PACIFIC,2103350,-8.000000000000,159.000000000000,A,Îles Salomon,EPO
'Costa Rica',fr,Costa Rica,#78e72d,#78e72d,2,0.101441593795,CENTRAL-AMERICA,3624060,10.000000000000,-84.000000000000,A,Costa Rica,SCA
'Oslo',fr,Norway,#93e2f3,#93e2f3,2,0.101429749074,EUROPE,3143244,59.912730000000,10.746090000000,P,Norvège,NEU
'Papouasie-Nouvelle-Guinée',fr,Papua New Guinea,#d91882,#d91882,2,0.101357817350,ASIA,2088628,-6.000000000000,147.000000000000,A,Papouasie-Nouvelle-Guinée,SEA
'Jordanie',fr,Jordan,#5893ec,#5893ec,2,0.101342075249,EUROPE-AFRICA,248816,31.000000000000,36.000000000000,A,Jordanie,MED
'Port-au-Prince',fr,Haiti,#62e93f,#62e93f,2,0.101331542352,CENTRAL-AMERICA,3718426,18.543490000000,-72.338810000000,P,Haïti,CAR
'Haïti',fr,Haiti,#63e940,#63e940,2,0.101331542352,CENTRAL-AMERICA,3723988,19.075820000000,-72.296160000000,A,Haïti,CAR
'Bruxelles',fr,Belgium,#81e8f1,#81e8f1,2,0.101329191256,EUROPE,2800866,50.850450000000,4.348780000000,P,Belgique,WCE
'Thimphou',fr,Bhutan,#9d51eb,#9d51eb,2,0.101325567277,ASIA,1252416,27.466090000000,89.641910000000,P,Bhoutan,TIB
'Bhoutan',fr,Bhutan,#9f51eb,#9f51eb,2,0.101325567277,ASIA,1252634,27.500000000000,90.500000000000,A,Bhoutan,TIB
'Bamako',fr,Mali,#33e8d0,#33e8d0,2,0.101294080535,AFRICA,2460596,12.609150000000,-7.975220000000,P,Mali,WAF
'Saint Denis',fr,Reunion,#1421ba,#1421ba,2,0.101287087424,INDIAN,935264,-20.882310000000,55.450400000000,P,Réunion,SIO
'Réunion',fr,Reunion,#1420ba,#1420ba,2,0.101287087424,INDIAN,935317,-21.100000000000,55.600000000000,A,Réunion,SIO
'Guyane',fr,Guyana,#23e626,#23e626,2,0.101283690456,SOUTH-AMERICA,3378535,5.000000000000,-59.000000000000,A,Guyana,NSA
'Georgetown',fr,Guyana,#27e72d,#27e72d,2,0.101283690456,SOUTH-AMERICA,3378644,6.804480000000,-58.155270000000,P,Guyana,NSA
'Caracas',fr,Venezuela,#44e72e,#44e72e,2,0.101276312141,SOUTH-AMERICA,3646738,10.488010000000,-66.879190000000,P,Vénézuéla,NSA
'Venezuela',fr,Venezuela,#3ce729,#3ce729,2,0.101276312141,SOUTH-AMERICA,3625428,8.000000000000,-66.000000000000,A,Vénézuéla,NSA
'Pérou',fr,Peru,#46d117,#46d117,2,0.101272936938,SOUTH-AMERICA,3932488,-10.000000000000,-75.250000000000,A,Pérou,NWS
'Buenos Aires',fr,Argentina,#119e15,#119e15,2,0.101264156591,SOUTH-AMERICA,3435910,-34.613150000000,-58.377230000000,P,Argentine,SES
'Ukraine',fr,Ukraine,#7db3f0,#7db3f0,2,0.101264092156,EUROPE,690791,49.000000000000,32.000000000000,A,Ukraine,WCE
'Rome',fr,Italy,#6ed4ee,#6ed4ee,2,0.101258233310,EUROPE-AFRICA,3169070,41.891930000000,12.511330000000,P,Italie,MED
'Thaïlande',fr,Thailand,#b139e9,#b139e9,2,0.101256090224,ASIA,1605651,15.500000000000,101.000000000000,A,Thaïlande,SEA
'Téhéran',fr,Iran,#6276ed,#6276ed,2,0.101253913175,ASIA,112931,35.694390000000,51.421510000000,P,Iran,WCA
'Mexique',fr,Mexico,#baea48,#baea48,2,0.101249615458,CENTRAL-AMERICA,3996063,23.000000000000,-102.000000000000,A,Mexique,NCA
'Mexico',fr,Mexico,#baea48,#baea48,2,0.101249615458,CENTRAL-AMERICA,3996063,23.000000000000,-102.000000000000,A,Mexique,NCA
'Russie',fr,Russia,#d393f3,#d393f3,2,0.101248613040,ASIA,2017370,60.000000000000,100.000000000000,A,Russie,ESB
'Brésil',fr,Brazil,#17d126,#17d126,2,0.101246466877,SOUTH-AMERICA,3469034,-10.000000000000,-55.000000000000,A,Brésil,SAM
'Pakistan',fr,Pakistan,#6f56ec,#6f56ec,2,0.101246405148,ASIA,1168579,30.000000000000,70.000000000000,A,Pakistan,WCA
'Indonésie',fr,Indonesia,#db18db,#db18db,2,0.101245429588,ASIA,1643084,-5.000000000000,120.000000000000,A,Indonésie,SEA
'Pékin',fr,China,#e66aee,#e66aee,2,0.101242403761,ASIA,1816670,39.907500000000,116.397230000000,P,Chine,EAS
'Comores',fr,Comoros,#1645cc,#1645cc,2,0.101201458090,AFRICA,921929,-12.233330000000,44.445530000000,A,Comores,ESAF
'Moroni',fr,Comoros,#1649cd,#1649cd,2,0.101201458090,AFRICA,921772,-11.702160000000,43.255060000000,P,Comores,ESAF
'Suva',fr,Fiji,#c01519,#c01519,2,0.101131883692,PACIFIC,2198148,-18.136830000000,178.425310000000,P,Fidji,SPO
'Fidji',fr,Fiji,#c0151b,#c0151b,2,0.101131883692,PACIFIC,2205218,-18.000000000000,178.000000000000,A,Fidji,SPO
'Djibouti',fr,Djibouti,#3166e8,#3166e8,2,0.101042839862,AFRICA,223816,11.833330000000,42.500000000000,A,Djibouti,NEAF
'Mbabane',fr,Eswatini,#135eaf,#135eaf,2,0.100880133710,AFRICA,934985,-26.316670000000,31.133330000000,P,Swaziland,ESAF
'Eswatini',fr,Eswatini,#135daf,#135daf,2,0.100880133710,AFRICA,934841,-26.500000000000,31.500000000000,A,Swaziland,ESAF
'Chypre',fr,Cyprus,#60a0ed,#60a0ed,2,0.100840855486,EUROPE-AFRICA,146669,35.000000000000,33.000000000000,A,Chypre,MED
'Nicosie',fr,Cyprus,#619fed,#619fed,2,0.100840855486,EUROPE-AFRICA,146268,35.175310000000,33.364200000000,P,Chypre,MED
'Maurice',fr,Mauritius,#141bbc,#141bbc,2,0.100790324531,INDIAN,934292,-20.300000000000,57.583330000000,A,Maurice,SIO
'Port-Louis',fr,Mauritius,#141bbc,#141bbc,2,0.100790324531,INDIAN,934154,-20.161940000000,57.498890000000,P,Maurice,SIO
'Timor oriental',fr,Timor Leste,#d317c1,#d317c1,2,0.100788660948,ASIA,1966436,-8.833330000000,125.750000000000,A,Timor Oriental,SEA
'Dili',fr,Timor Leste,#d417c2,#d417c2,2,0.100788660948,ASIA,1645457,-8.558610000000,125.573610000000,P,Timor Oriental,SEA
'Malabo',fr,Equatorial Guinea,#21c9e6,#21c9e6,2,0.100763957115,AFRICA,2309527,3.755780000000,8.781660000000,P,Guinée équatoriale,WAF
'Estonie',fr,Estonia,#91c8f2,#91c8f2,2,0.100757068751,EUROPE,453733,59.000000000000,26.000000000000,A,Estonie,NEU
'Tallinn',fr,Estonia,#92cbf2,#92cbf2,2,0.100757068751,EUROPE,588409,59.436960000000,24.753530000000,P,Estonie,NEU
'Trinité-et-Tobago',fr,Trinidad and Tobago,#33e72f,#33e72f,2,0.100719497963,SOUTH-AMERICA,3573591,11.000000000000,-61.000000000000,A,Trinité-et-Tobago,NSA
'Bahreïn',fr,Bahrain,#4e67eb,#4e67eb,2,0.100637170352,ASIA,290291,26.033330000000,50.550000000000,A,Bahreïn,ARP
'Manama',fr,Bahrain,#4f67eb,#4f67eb,2,0.100637170352,ASIA,290340,26.227870000000,50.585650000000,P,Bahreïn,ARP
'Pristina',fr,Kosovo,#70c2ef,#70c2ef,2,0.100541917303,EUROPE-AFRICA,786714,42.672720000000,21.166880000000,P,Kosovo,MED
'Kosovo',fr,Kosovo,#70c2ef,#70c2ef,2,0.100541917303,EUROPE-AFRICA,831053,42.583330000000,20.916670000000,A,Kosovo,MED
'Bissau',fr,Guinea-Bissau,#31e8b8,#31e8b8,2,0.100533529957,AFRICA,2374775,11.863570000000,-15.597670000000,P,Guinée-Bissau,WAF
'Guinée-Bissau',fr,Guinea-Bissau,#31e8ba,#31e8ba,2,0.100533529957,AFRICA,2372248,12.000000000000,-15.000000000000,A,Guinée-Bissau,WAF
'Lettonie',fr,Latvia,#8dc8f2,#8dc8f2,2,0.100519064728,EUROPE,458258,57.000000000000,25.000000000000,A,Lettonie,WCE
'Riga',fr,Latvia,#8dc9f2,#8dc9f2,2,0.100519064728,EUROPE,456172,56.946000000000,24.105890000000,P,Lettonie,WCE
'Slovénie',fr,Slovenia,#77d1ef,#77d1ef,2,0.100483705884,EUROPE,3190538,46.083330000000,15.000000000000,A,Slovénie,WCE
'Ljubljana',fr,Slovenia,#77d2ef,#77d2ef,2,0.100483705884,EUROPE,3196359,46.051080000000,14.505130000000,P,Slovénie,WCE
'Macédoine du Nord',fr,North Macedonia,#6ec0ee,#6ec0ee,2,0.100480086492,EUROPE-AFRICA,718075,41.666670000000,21.750000000000,A,Macédoine du Nord,MED
'Skopje',fr,North Macedonia,#6fc1ef,#6fc1ef,2,0.100480086492,EUROPE-AFRICA,785842,41.996460000000,21.431410000000,P,Macédoine du Nord,MED
'Maseru',fr,Lesotho,#1264a9,#1264a9,2,0.100474353598,AFRICA,932505,-29.316670000000,27.483330000000,P,Lesotho,ESAF
'Lesotho',fr,Lesotho,#1262a9,#1262a9,2,0.100474353598,AFRICA,932692,-29.500000000000,28.250000000000,A,Lesotho,ESAF
'Gabon',fr,Gabon,#19bbe3,#19bbe3,2,0.100471859480,AFRICA,2400553,-1.000000000000,11.750000000000,A,Gabon,CAF
'Libreville',fr,Gabon,#1ac5e5,#1ac5e5,2,0.100471859480,AFRICA,2399697,0.392410000000,9.453560000000,P,Gabon,CAF
'Botswana',fr,Botswana,#1476b8,#1476b8,2,0.100443630924,AFRICA,933860,-22.000000000000,24.000000000000,A,Botswana,WSAF
'Gaborone',fr,Botswana,#136eb3,#136eb3,2,0.100443630924,AFRICA,933773,-24.654510000000,25.908590000000,P,Botswana,ESAF
'Gambie',fr,Gambia,#35e8ba,#35e8ba,2,0.100438576871,AFRICA,2413451,13.500000000000,-15.500000000000,A,Gambie,WAF
'Banjul',fr,Gambia,#34e8b6,#34e8b6,2,0.100438576871,AFRICA,2413876,13.452740000000,-16.578030000000,P,Gambie,WAF
'Namibie',fr,Namibia,#148ab8,#148ab8,2,0.100408454185,AFRICA,3355338,-22.000000000000,17.000000000000,A,Namibie,WSAF
'Windhoek',fr,Namibia,#1489b7,#1489b7,2,0.100408454185,AFRICA,3352136,-22.559410000000,17.083230000000,P,Namibie,WSAF
'Doha',fr,Qatar,#4d63eb,#4d63eb,2,0.100359495369,ASIA,290030,25.285450000000,51.530960000000,P,Qatar,ARP
'Vilnius',fr,Lithuania,#89c5f1,#89c5f1,2,0.100358482943,EUROPE,593116,54.689160000000,25.279800000000,P,Lituanie,WCE
'Lituanie',fr,Lithuania,#8ac8f2,#8ac8f2,2,0.100358482943,EUROPE,597427,55.416670000000,24.000000000000,A,Lituanie,WCE
'Tirana',fr,Albania,#6dc4ee,#6dc4ee,2,0.100348872583,EUROPE-AFRICA,3183875,41.327500000000,19.818890000000,P,Albanie,MED
'Albanie',fr,Albania,#6dc3ee,#6dc3ee,2,0.100348872583,EUROPE-AFRICA,783754,41.000000000000,20.000000000000,A,Albanie,MED
'Kingston',fr,Jamaica,#6ee93e,#6ee93e,2,0.100340732336,CENTRAL-AMERICA,3489854,17.997020000000,-76.793580000000,P,Jamaïque,CAR
'Jamaïque',fr,Jamaica,#6fe93e,#6fe93e,2,0.100340732336,CENTRAL-AMERICA,3489940,18.166670000000,-77.250000000000,A,Jamaïque,CAR
'Erevan',fr,Armenia,#6b8dee,#6b8dee,2,0.100324212164,ASIA,616052,40.181110000000,44.513610000000,P,Arménie,WCA
'Arménie',fr,Armenia,#6b8cee,#6b8cee,2,0.100324212164,ASIA,174982,40.250000000000,45.000000000000,A,Arménie,WCA
'Mongolie',fr,Mongolia,#d177ef,#d177ef,2,0.100315436716,ASIA,2029969,46.000000000000,105.000000000000,A,Mongolie,ESB
'Oulan-Bator',fr,Mongolia,#d67bf0,#d67bf0,2,0.100315436716,ASIA,2028462,47.907710000000,106.883240000000,P,Mongolie,ESB
'Porto Rico',fr,Puerto Rico,#51e93e,#51e93e,2,0.100312974058,CENTRAL-AMERICA,4566967,18.249400000000,-66.501010000000,T,Porto Rico,CAR
'Saint-Jean',fr,Puerto Rico,#7df0ec,#7df0ec,2,0.100312974058,EUROPE,3042089,49.245560000000,-2.138610000000,P,Jersey,WCE
'Bosnie-Herzégovine',fr,Bosnia and Herzegovina,#73caef,#73caef,2,0.100300848785,EUROPE-AFRICA,3277605,44.250000000000,17.833330000000,A,Bosnie-Herzégovine,MED
'Sarajevo',fr,Bosnia and Herzegovina,#72c9ef,#72c9ef,2,0.100300848785,EUROPE-AFRICA,3191281,43.848640000000,18.356440000000,P,Bosnie-Herzégovine,MED
'Montevidéo',fr,Uruguay,#119e1a,#119e1a,2,0.100289913980,SOUTH-AMERICA,3441575,-34.903280000000,-56.188160000000,P,Uruguay,SES
'Uruguay',fr,Uruguay,#12a21b,#12a21b,2,0.100289913980,SOUTH-AMERICA,3439705,-33.000000000000,-56.000000000000,A,Uruguay,SES
'Chişinău',fr,Moldova,#79b7f0,#79b7f0,2,0.100282017201,EUROPE,618426,47.005560000000,28.857500000000,P,Moldavie,WCE
'Moldavie',fr,Moldova,#79b7f0,#79b7f0,2,0.100282017201,EUROPE,617790,47.250000000000,28.583330000000,A,Moldavie,WCE
'Géorgie',fr,Georgia,#6f92ef,#6f92ef,2,0.100269941962,ASIA,614540,41.999980000000,43.499900000000,A,Géorgie,WCA
'Tbilissi',fr,Georgia,#6e8fee,#6e8fee,2,0.100269941962,ASIA,611717,41.694110000000,44.833680000000,P,Géorgie,WCA
'Zagreb',fr,Croatia,#76cfef,#76cfef,2,0.100258275602,EUROPE,3186886,45.814440000000,15.977980000000,P,Croatie,WCE
'Croatie',fr,Croatia,#75d0ef,#75d0ef,2,0.100258275602,EUROPE,3202326,45.166670000000,15.500000000000,A,Croatie,WCE
'Ville de Panamá',fr,Panama,#68e72b,#68e72b,2,0.100239413552,CENTRAL-AMERICA,6509970,8.966600000000,-79.533300000000,S,Panama,SCA
'Panama',fr,Panama,#6ae72b,#6ae72b,2,0.100239413552,CENTRAL-AMERICA,3703430,9.000000000000,-80.000000000000,A,Panama,SCA
'Nouakchott',fr,Mauritania,#3ee9bc,#3ee9bc,2,0.100227101421,AFRICA,2377450,18.085810000000,-15.978500000000,P,Mauritanie,SAH
'Mauritanie',fr,Mauritania,#42eacc,#42eacc,2,0.100227101421,AFRICA,2378080,20.250000000000,-10.500000000000,A,Mauritanie,SAH
'République centrafricaine',fr,Central African Republic,#27a4e7,#27a4e7,2,0.100214299016,AFRICA,239880,7.000000000000,21.000000000000,A,Centrafrique,CAF
'Bangui',fr,Central African Republic,#22a9e6,#22a9e6,2,0.100214299016,AFRICA,2389853,4.361220000000,18.554960000000,P,Centrafrique,CAF
'Libéria',fr,Liberia,#26e6c8,#26e6c8,2,0.100207512922,AFRICA,2275384,6.500000000000,-9.500000000000,A,Liberia,WAF
'Monrovia',fr,Liberia,#26e6c4,#26e6c4,2,0.100207512922,AFRICA,2274895,6.300540000000,-10.796900000000,P,Liberia,WAF
'Oman',fr,Oman,#444cea,#444cea,2,0.100207061501,ASIA,286963,21.000000000000,57.000000000000,A,Oman,ARP
'Muscat',fr,Oman,#494dea,#494dea,2,0.100207061501,ASIA,287286,23.584130000000,58.407780000000,P,Oman,ARP
'Irlande',fr,Ireland,#85f1e3,#85f1e3,2,0.100206036626,EUROPE,2963597,53.000000000000,-8.000000000000,A,Irlande,NEU
'Dublin',fr,Ireland,#86f1e6,#86f1e6,2,0.100206036626,EUROPE,2964574,53.333060000000,-6.248890000000,P,Irlande,NEU
'Nouvelle-Zélande',fr,New Zealand,#8f0f1c,#8f0f1c,2,0.100204687340,OCEANIA,2186224,-42.000000000000,174.000000000000,A,Nouvelle-Zélande,NZ
'Wellington',fr,New Zealand,#91101b,#91101b,2,0.100204687340,OCEANIA,2179537,-41.286640000000,174.775570000000,P,Nouvelle-Zélande,NZ
'San José',fr,Costa Rica,#78e72d,#78e72d,2,0.100200022363,CENTRAL-AMERICA,3621849,9.933880000000,-84.084890000000,P,Costa Rica,SCA
'République du Congo',fr,Republic of the Congo,#19afe3,#19afe3,2,0.100190680927,AFRICA,2260494,-1.000000000000,15.500000000000,A,Congo-Brazzaville,CAF
'Brazzaville',fr,Republic of the Congo,#18aadc,#18aadc,2,0.100190680927,AFRICA,2260535,-4.266130000000,15.283180000000,P,Congo-Brazzaville,CAF
'Norvège',fr,Norway,#97e4f3,#97e4f3,2,0.100188170262,EUROPE,3144096,62.000000000000,10.000000000000,A,Norvège,NEU
'Slovaquie',fr,Slovakia,#7ccaf0,#7ccaf0,2,0.100183586925,EUROPE,3057568,48.666670000000,19.500000000000,A,Slovaquie,WCE
'Bratislava',fr,Slovakia,#7bcff0,#7bcff0,2,0.100183586925,EUROPE,3060972,48.148160000000,17.106740000000,P,Slovaquie,WCE
'Helsinki',fr,Finland,#94cbf3,#94cbf3,2,0.100181223439,EUROPE,658225,60.169520000000,24.935450000000,P,Finlande,NEU
'Finlande',fr,Finland,#9ccdf4,#9ccdf4,2,0.100181223439,EUROPE,660013,64.000000000000,26.000000000000,A,Finlande,NEU
'Singapour',fr,Singapore,#af1ce5,#af1ce5,2,0.100177346597,ASIA,1880252,1.289670000000,103.850070000000,P,Singapour,SEA
'Copenhague',fr,Denmark,#8bdcf2,#8bdcf2,2,0.100172489748,EUROPE,2618425,55.675940000000,12.565530000000,P,Danemark,NEU
'Danemark',fr,Denmark,#8be1f2,#8be1f2,2,0.100172489748,EUROPE,2623032,56.000000000000,10.000000000000,A,Danemark,NEU
'Achgabat',fr,Turkmenistan,#666aee,#666aee,2,0.100170913643,ASIA,162183,37.950000000000,58.383330000000,P,Turkménistan,WCA
'Turkménistan',fr,Turkmenistan,#6a6bee,#6a6bee,2,0.100170913643,ASIA,1218197,39.750000000000,59.666670000000,A,Turkménistan,WCA
'Érythrée',fr,Eritrea,#3875e8,#3875e8,2,0.100161049735,AFRICA,338010,15.000000000000,39.000000000000,A,Érythrée,SAH
'Asmara',fr,Eritrea,#3876e8,#3876e8,2,0.100161049735,AFRICA,343300,15.338050000000,38.931840000000,P,Érythrée,SAH
'Bichkek',fr,Kyrgyzstan,#8f70ef,#8f70ef,2,0.100158333069,ASIA,1528675,42.870000000000,74.590000000000,P,Kirghizstan,WCA
'Kirghizistan',fr,Kyrgyzstan,#8e6eee,#8e6eee,2,0.100158333069,ASIA,1527747,41.500000000000,75.000000000000,A,Kirghizstan,WCA
'Salvador',fr,El Salvador,#16cb57,#16cb57,2,0.100155745191,SOUTH-AMERICA,3450554,-12.975630000000,-38.490960000000,P,Brésil,NES
'Nicaragua',fr,Nicaragua,#7fe834,#7fe834,2,0.100154666768,CENTRAL-AMERICA,3617476,13.000000000000,-85.000000000000,A,Nicaragua,SCA
'Managua',fr,Nicaragua,#81e832,#81e832,2,0.100154666768,CENTRAL-AMERICA,3617763,12.132820000000,-86.250400000000,P,Nicaragua,SCA
'Libye',fr,Libya,#52c0eb,#52c0eb,2,0.100149732720,AFRICA,2215636,28.000000000000,17.000000000000,A,Libye,SAH
'Tripoli',fr,Libya,#5f98ed,#5f98ed,2,0.100149732720,EUROPE-AFRICA,266826,34.433520000000,35.844150000000,P,Liban,MED
'Paraguay',fr,Paraguay,#14b519,#14b519,2,0.100143759315,SOUTH-AMERICA,3437598,-23.333330000000,-58.000000000000,A,Paraguay,SES
'Asunción',fr,Paraguay,#13b119,#13b119,2,0.100143759315,SOUTH-AMERICA,3439389,-25.286460000000,-57.647000000000,P,Paraguay,SES
'Serbie',fr,Serbia,#74c5ef,#74c5ef,2,0.100143223714,EUROPE-AFRICA,6290252,44.818920000000,20.459980000000,A,Serbie,MED
'Bulgarie',fr,Bulgaria,#70b9ef,#70b9ef,2,0.100142856347,EUROPE-AFRICA,732800,42.666670000000,25.250000000000,A,Bulgarie,MED
'Sofia',fr,Bulgaria,#70bdef,#70bdef,2,0.100142856347,EUROPE-AFRICA,727011,42.697510000000,23.324150000000,P,Bulgarie,MED
'Laos',fr,Laos,#be3ee9,#be3ee9,2,0.100141612831,ASIA,1655842,18.000000000000,105.000000000000,A,Laos,SEA
'Vientiane',fr,Laos,#b73ee9,#b73ee9,2,0.100141612831,ASIA,1651944,17.966670000000,102.600000000000,P,Laos,SEA
'Hong Kong',fr,Hong Kong,#da46ea,#da46ea,2,0.100135206831,ASIA,1819729,22.278320000000,114.174690000000,P,Hong Kong,EAS
'Sierra Leone',fr,Sierra Leone,#2ae7c3,#2ae7c3,2,0.100130716323,AFRICA,2403846,8.500000000000,-11.500000000000,A,Sierra Leone,WAF
'Freetown',fr,Sierra Leone,#2ae7bd,#2ae7bd,2,0.100130716323,AFRICA,2409306,8.487140000000,-13.235600000000,P,Sierra Leone,WAF
'Aller',fr,Togo,#85e0f1,#85e0f1,2,0.100126757268,EUROPE,2958425,52.946320000000,9.184390000000,H,Allemagne,WCE
'Lomé',fr,Togo,#26e2e6,#26e2e6,2,0.100126757268,AFRICA,2365267,6.128740000000,1.221540000000,P,Togo,WAF
'Djouba',fr,South Sudan,#237fe6,#237fe6,2,0.100121058194,AFRICA,373303,4.851650000000,31.582470000000,P,Soudan du Sud,NEAF
'Soudan du Sud',fr,South Sudan,#2887e7,#2887e7,2,0.100121058194,AFRICA,7909807,7.500000000000,30.000000000000,A,Soudan du Sud,NEAF
'Suisse',fr,Switzerland,#79e0f0,#79e0f0,2,0.100117418535,EUROPE,2658434,47.000160000000,8.014270000000,A,Suisse,WCE
'Berne',fr,Switzerland,#79e1f0,#79e1f0,2,0.100117418535,EUROPE,2661552,46.948090000000,7.447440000000,P,Suisse,WCE
'Port-Moresby',fr,Papua New Guinea,#d2177d,#d2177d,2,0.100116193735,ASIA,2088122,-9.477230000000,147.150890000000,P,Papouasie-Nouvelle-Guinée,SEA
'Vienne',fr,Austria,#7bd0f0,#7bd0f0,2,0.100113032194,EUROPE,2761369,48.208490000000,16.372080000000,P,Autriche,WCE
'Autriche',fr,Austria,#7ad5f0,#7ad5f0,2,0.100113032194,EUROPE,2782113,47.333330000000,13.333330000000,A,Autriche,WCE
'Jérusalem',fr,Israel,#5a96ec,#5a96ec,2,0.100112564443,EUROPE-AFRICA,281184,31.769040000000,35.216330000000,P,Israël,MED
'Douchanbé',fr,Tajikistan,#7b68ee,#7b68ee,2,0.100109880003,ASIA,1221874,38.535750000000,68.779050000000,P,Tadjikistan,WCA
'Tadjikistan',fr,Tajikistan,#8169ee,#8169ee,2,0.100109880003,ASIA,1220409,39.000000000000,71.000000000000,A,Tadjikistan,WCA
'Minsk',fr,Belarus,#87c0f1,#87c0f1,2,0.100105425335,EUROPE,625144,53.900000000000,27.566670000000,P,Biélorussie,WCE
'Biélorussie',fr,Belarus,#85bff1,#85bff1,2,0.100105425335,EUROPE,630336,53.000000000000,28.000000000000,A,Biélorussie,WCE
'Honduras',fr,Honduras,#86e838,#86e838,2,0.100104302238,CENTRAL-AMERICA,3608932,15.000000000000,-86.500000000000,A,Honduras,SCA
'Tegucigalpa',fr,Honduras,#87e836,#87e836,2,0.100104302238,CENTRAL-AMERICA,3600949,14.081800000000,-87.206810000000,P,Honduras,SCA
'Émirats arabes unis',fr,United Arab Emirates,#4958ea,#4958ea,2,0.100103831820,ASIA,290557,23.750000000000,54.500000000000,A,Émirats Arabes Unis,ARP
'Abou Dhabi',fr,United Arab Emirates,#4b5aeb,#4b5aeb,2,0.100103831820,ASIA,292968,24.451180000000,54.396960000000,P,Émirats Arabes Unis,ARP
'Budapest',fr,Hungary,#7acaf0,#7acaf0,2,0.100102366876,EUROPE,3054643,47.498350000000,19.040450000000,P,Hongrie,WCE
'Hongrie',fr,Hungary,#79c8f0,#79c8f0,2,0.100102366876,EUROPE,719819,47.000000000000,20.000000000000,A,Hongrie,WCE
'Amman',fr,Jordan,#5a95ec,#5a95ec,2,0.100100441834,EUROPE-AFRICA,250441,31.955220000000,35.945030000000,P,Jordanie,MED
'Stockholm',fr,Sweden,#92d5f2,#92d5f2,2,0.100098201200,EUROPE,2673730,59.329380000000,18.068710000000,P,Suède,NEU
'Bakou',fr,Azerbaijan,#6b81ee,#6b81ee,2,0.100097800467,ASIA,587084,40.377670000000,49.892010000000,P,Azerbaïdjan,WCA
'Azerbaïdjan',fr,Azerbaijan,#6c87ee,#6c87ee,2,0.100097800467,ASIA,587116,40.500000000000,47.500000000000,A,Azerbaïdjan,WCA
'Portugal',fr,Portugal,#6aeedc,#6aeedc,2,0.100097259594,EUROPE-AFRICA,2264397,39.694500000000,-8.130570000000,A,Portugal,MED
'Lisbonne',fr,Portugal,#68eed9,#68eed9,2,0.100097259594,EUROPE-AFRICA,2267057,38.716670000000,-9.133330000000,P,Portugal,MED
'Tchéquie',fr,Czechia,#7ed4f0,#7ed4f0,2,0.100094111491,EUROPE,3077311,49.750000000000,15.000000000000,A,Tchéquie,WCE
'Prague',fr,Czechia,#7fd5f0,#7fd5f0,2,0.100094111491,EUROPE,3067696,50.088040000000,14.420760000000,P,Tchéquie,WCE
'République dominicaine',fr,Dominican Republic,#5ee940,#5ee940,2,0.100094098473,CENTRAL-AMERICA,3508796,19.000000000000,-70.666670000000,A,République dominicaine,CAR
'Saint-Domingue',fr,Dominican Republic,#5be93f,#5be93f,2,0.100094098473,CENTRAL-AMERICA,3492908,18.471860000000,-69.892320000000,P,République dominicaine,CAR
'Grèce',fr,Greece,#69bdee,#69bdee,2,0.100093216904,EUROPE-AFRICA,390903,39.000000000000,22.000000000000,A,Grèce,MED
'Athènes',fr,Greece,#66b8ee,#66b8ee,2,0.100093216904,EUROPE-AFRICA,264371,37.983760000000,23.727840000000,P,Grèce,MED
'Serbie et Monténégro',fr,Serbia and Montenegro,#74c5ef,#74c5ef,2,0.100092343138,EUROPE-AFRICA,8505033,44.817400000000,20.463410000000,A,,MED
'Belgrade',fr,Serbia and Montenegro,#74c5ef,#74c5ef,2,0.100092343138,EUROPE-AFRICA,792680,44.804010000000,20.465130000000,P,Serbie,MED
'Gitega',fr,Burundi,#187bde,#187bde,2,0.100089482432,AFRICA,426272,-3.427080000000,29.924630000000,P,Burundi,SEAF
'Burundi',fr,Burundi,#187bde,#187bde,2,0.100089482432,AFRICA,433561,-3.500000000000,30.000000000000,A,Burundi,SEAF
'Cuba',fr,Cuba,#7bea46,#7bea46,2,0.100088197903,CENTRAL-AMERICA,3562981,22.000000000000,-79.500000000000,A,Cuba,CAR
'La Havane',fr,Cuba,#85ea48,#85ea48,2,0.100088197903,CENTRAL-AMERICA,3553478,23.133020000000,-82.383040000000,P,Cuba,CAR
'Sucre',fr,Bolivia,#24be15,#24be15,2,0.100088081343,SOUTH-AMERICA,3903987,-19.033320000000,-65.262740000000,P,Bolivie,SAM
'Bolivie',fr,Bolivia,#24c215,#24c215,2,0.100088081343,SOUTH-AMERICA,3923057,-17.000000000000,-65.000000000000,A,Bolivie,SAM
'Belgique',fr,Belgium,#81e8f1,#81e8f1,2,0.100087549820,EUROPE,2802361,50.750000000000,4.500000000000,A,Belgique,WCE
'Porto Novo',fr,Benin,#26dee6,#26dee6,2,0.100087069728,AFRICA,2392087,6.496460000000,2.603590000000,P,Bénin,WAF
'Bénin',fr,Benin,#2ce0e7,#2ce0e7,2,0.100087069728,AFRICA,2395170,9.500000000000,2.250000000000,A,Bénin,WAF
'Tunisie',fr,Tunisia,#5ed7ed,#5ed7ed,2,0.100086466266,EUROPE-AFRICA,2464461,34.000000000000,9.000000000000,A,Tunisie,MED
'Rwanda',fr,Rwanda,#197de1,#197de1,2,0.100081287999,AFRICA,49518,-2.000000000000,30.000000000000,A,Rwanda,SEAF
'Kigali',fr,Rwanda,#197de1,#197de1,2,0.100081287999,AFRICA,202061,-1.949950000000,30.058850000000,P,Rwanda,SEAF
'Conakry',fr,Guinea,#2ce7bd,#2ce7bd,2,0.100080552150,AFRICA,2422465,9.537950000000,-13.677290000000,P,Guinée,WAF
'Guinée',fr,Guinea,#2fe7c7,#2fe7c7,2,0.100080552150,AFRICA,2420477,10.833330000000,-10.666670000000,A,Guinée,WAF
'Somalie',fr,Somalia,#254ce6,#254ce6,2,0.100066630446,AFRICA,51537,6.000000000000,48.000000000000,A,Somalie,NEAF
'Mogadiscio',fr,Somalia,#1d4ee5,#1d4ee5,2,0.100066630446,AFRICA,53654,2.037110000000,45.343750000000,P,Somalie,SEAF
'Tchad',fr,Chad,#38b0e8,#38b0e8,2,0.100064608870,AFRICA,2434508,15.000000000000,19.000000000000,A,Tchad,SAH
'N'Djaména',fr,Chad,#32bae8,#32bae8,2,0.100064608870,AFRICA,2427123,12.106720000000,15.044400000000,P,Tchad,CAF
'Sénégal',fr,Senegal,#37e8be,#37e8be,2,0.100063074132,AFRICA,2245662,14.500000000000,-14.250000000000,A,Sénégal,WAF
'Dakar',fr,Senegal,#37e8b5,#37e8b5,2,0.100063074132,AFRICA,2253354,14.693700000000,-17.444060000000,P,Sénégal,WAF
'Cambodge',fr,Cambodia,#bb34e8,#bb34e8,2,0.100061539227,ASIA,1831722,13.000000000000,105.000000000000,A,Cambodge,SEA
'Phnom Penh',fr,Cambodia,#ba31e8,#ba31e8,2,0.100061539227,ASIA,1821306,11.562450000000,104.916010000000,P,Cambodge,SEA
'Harare',fr,Zimbabwe,#1568c1,#1568c1,2,0.100059282414,AFRICA,890299,-17.827720000000,31.053370000000,P,Zimbabwe,ESAF
'Zimbabwe',fr,Zimbabwe,#156abe,#156abe,2,0.100059282414,AFRICA,878675,-19.000000000000,29.750000000000,A,Zimbabwe,ESAF
'Syrie',fr,Syria,#6094ed,#6094ed,2,0.100059149607,EUROPE-AFRICA,163843,35.000000000000,38.000000000000,A,Syrie,MED
'Damas',fr,Syria,#5d96ed,#5d96ed,2,0.100059149607,EUROPE-AFRICA,170654,33.510200000000,36.291280000000,P,Syrie,MED
'Quito',fr,Ecuador,#58e519,#58e519,2,0.100058533078,SOUTH-AMERICA,3652462,-0.229850000000,-78.524950000000,P,Équateur,NWS
'Équateur',fr,Ecuador,#56e219,#56e219,2,0.100058533078,SOUTH-AMERICA,3658394,-1.250000000000,-78.250000000000,A,Équateur,NWS
'Amsterdam',fr,The Netherlands,#84e8f1,#84e8f1,2,0.100058034880,EUROPE,2759794,52.374030000000,4.889690000000,P,Pays-Bas,NEU
'Les Pays-Bas',fr,The Netherlands,#93ef75,#93ef75,2,0.100058034880,NORTH-AMERICA,5107971,45.000600000000,-74.833250000000,T,États-Unis,ENA
'Lusaka',fr,Zambia,#1673c6,#1673c6,2,0.100057630836,AFRICA,909137,-15.406690000000,28.287130000000,P,Zambie,ESAF
'Zambie',fr,Zambia,#1673c8,#1673c8,2,0.100057630836,AFRICA,895949,-14.333330000000,28.500000000000,A,Zambie,ESAF
'Lilongwe',fr,Malawi,#1664c9,#1664c9,2,0.100056935453,AFRICA,927967,-13.966920000000,33.787250000000,P,Malawi,ESAF
'Malawi',fr,Malawi,#1664c9,#1664c9,2,0.100056935453,AFRICA,927384,-13.500000000000,34.000000000000,A,Malawi,ESAF
'Chili',fr,Chile,#2ea812,#2ea812,2,0.100053392678,SOUTH-AMERICA,3895114,-30.000000000000,-71.000000000000,A,Chili,SWS
'Saint-Jacques',fr,Chile,#91ef75,#91ef75,2,0.100053392678,NORTH-AMERICA,6138419,45.283380000000,-73.415870000000,P,Canada,ENA
'Mali',fr,Mali,#3ee9e3,#3ee9e3,2,0.100052417248,AFRICA,2453866,18.000000000000,-2.000000000000,A,Mali,SAH
'Bucarest',fr,Romania,#74b9ef,#74b9ef,2,0.100051350687,EUROPE-AFRICA,683506,44.432250000000,26.106260000000,P,Roumanie,MED
'Roumanie',fr,Romania,#77bdef,#77bdef,2,0.100051350687,EUROPE,798549,46.000000000000,25.000000000000,A,Roumanie,WCE
'Burkina Faso',fr,Burkina Faso,#32e8e3,#32e8e3,2,0.100050628976,AFRICA,2361809,12.500000000000,-1.666670000000,A,Burkina Faso,WAF
'Ouagadougou',fr,Burkina Faso,#32e8e3,#32e8e3,2,0.100050628976,AFRICA,2357048,12.365660000000,-1.533880000000,P,Burkina Faso,WAF
'Sri Lanka',fr,Sri Lanka,#6a29e7,#6a29e7,2,0.100046146747,INDIAN,1227603,7.750000000000,80.750000000000,A,Sri Lanka,BOB
'Colombo',fr,Sri Lanka,#6627e7,#6627e7,2,0.100046146747,INDIAN,1248991,6.935480000000,79.848680000000,P,Sri Lanka,EIO
'Niamey',fr,Niger,#35e2e8,#35e2e8,2,0.100044557426,AFRICA,2440485,13.513660000000,2.109800000000,P,Niger,WAF
'Niger',fr,Niger,#3ecfe9,#3ecfe9,2,0.100044557426,AFRICA,2440476,18.000000000000,9.000000000000,A,Niger,SAH
'Taïwan',fr,Taiwan,#ea4ae8,#ea4ae8,2,0.100042640583,ASIA,1668284,24.000000000000,121.000000000000,A,Taïwan,EAS
'Taïpei',fr,Taiwan,#eb4ce7,#eb4ce7,2,0.100042640583,ASIA,1668341,25.053060000000,121.526390000000,P,Taïwan,EAS
'Australie',fr,Australia,#b2138a,#b2138a,2,0.100040012213,OCEANIA,2077456,-25.000000000000,135.000000000000,A,Australie,CAU
'Canberra',fr,Australia,#9d1159,#9d1159,2,0.100040012213,OCEANIA,2172517,-35.283460000000,149.128070000000,P,Australie,SAU
'Côte d'Ivoire',fr,Ivory Coast,#29e7d5,#29e7d5,2,0.100039889539,AFRICA,2287781,8.000000000000,-5.500000000000,A,Côte d'Ivoire,WAF
'Yamoussoukro',fr,Ivory Coast,#27e7d6,#27e7d6,2,0.100039889539,AFRICA,2279755,6.820550000000,-5.276740000000,P,Côte d'Ivoire,WAF
'Cameroun',fr,Cameroon,#25bee6,#25bee6,2,0.100039656988,AFRICA,2233387,6.000000000000,12.500000000000,A,Cameroun,CAF
'Yaoundé',fr,Cameroon,#21c0e6,#21c0e6,2,0.100039656988,AFRICA,2220957,3.866670000000,11.516670000000,P,Cameroun,CAF
'Corée du Nord',fr,North Korea,#ee6bdf,#ee6bdf,2,0.100039139221,ASIA,1873107,40.000000000000,127.000000000000,A,Corée du Nord,EAS
'Pyongyang',fr,North Korea,#ee69e1,#ee69e1,2,0.100039139221,ASIA,1871859,39.033850000000,125.754320000000,P,Corée du Nord,EAS
'Madagascar',fr,Madagascar,#1439bc,#1439bc,2,0.100038077298,AFRICA,1062947,-20.000000000000,47.000000000000,A,Madagascar,MDG
'Antananarivo',fr,Madagascar,#1538be,#1538be,2,0.100038077298,AFRICA,1070940,-18.913680000000,47.536130000000,P,Madagascar,MDG
'Népal',fr,Nepal,#8f52eb,#8f52eb,2,0.100035602556,ASIA,1282988,28.000000000000,84.000000000000,A,Népal,TIB
'Katmandou',fr,Nepal,#9252eb,#9252eb,2,0.100035602556,ASIA,1283240,27.701690000000,85.320600000000,P,Népal,TIB
'Sanaa',fr,Yemen,#3867e8,#3867e8,2,0.100035089336,ASIA,71137,15.354720000000,44.206670000000,P,Yémen,ARP
'Yémen',fr,Yemen,#395de9,#395de9,2,0.100035089336,ASIA,69543,15.500000000000,47.500000000000,A,Yémen,ARP
'Mozambique',fr,Mozambique,#155cc0,#155cc0,2,0.100033902946,AFRICA,1036973,-18.250000000000,35.000000000000,A,Mozambique,ESAF
'Maputo',fr,Mozambique,#135bb0,#135bb0,2,0.100033902946,AFRICA,1040652,-25.965530000000,32.583220000000,P,Mozambique,ESAF
'Ghana',fr,Ghana,#2ae7e3,#2ae7e3,2,0.100033594127,AFRICA,2300660,8.100000000000,-1.200000000000,A,Ghana,WAF
'Accra',fr,Ghana,#24e6e6,#24e6e6,2,0.100033594127,AFRICA,2306104,5.556020000000,-0.196900000000,P,Ghana,WAF
'Angola',fr,Angola,#1694cb,#1694cb,2,0.100032457245,AFRICA,3351879,-12.500000000000,18.500000000000,A,Angola,WSAF
'Luanda',fr,Angola,#17aad3,#17aad3,2,0.100032457245,AFRICA,2240449,-8.836820000000,13.234320000000,P,Angola,CAF
'Malaisie',fr,Malaysia,#cd1ee6,#cd1ee6,2,0.100031717250,ASIA,1733045,2.500000000000,112.500000000000,A,Malaisie,SEA
'Kuala Lumpur',fr,Malaysia,#a91fe6,#a91fe6,2,0.100031717250,ASIA,1735161,3.141200000000,101.686530000000,P,Malaisie,SEA
'Lima',fr,Peru,#4acc16,#4acc16,2,0.100031260496,SOUTH-AMERICA,3936456,-12.043180000000,-77.028240000000,P,Pérou,NWS
'Tachkent',fr,Uzbekistan,#816dee,#816dee,2,0.100030344041,ASIA,1512569,41.264650000000,69.216270000000,P,Ouzbékistan,WCA
'Ouzbékistan',fr,Uzbekistan,#766eee,#766eee,2,0.100030344041,ASIA,1512440,41.666670000000,63.833330000000,A,Ouzbékistan,WCA
'Arabie Saoudite',fr,Saudi Arabia,#4c74eb,#4c74eb,2,0.100029673637,ASIA,102358,25.000000000000,45.000000000000,A,Arabie saoudite,ARP
'Riyad',fr,Saudi Arabia,#4b6feb,#4b6feb,2,0.100029673637,ASIA,108410,24.687730000000,46.721850000000,P,Arabie saoudite,ARP
'Maroc',fr,Morocco,#53ebd2,#53ebd2,2,0.100027755313,AFRICA,2542007,28.500000000000,-10.000000000000,A,Maroc,SAH
'Rabat',fr,Morocco,#5eeddd,#5eeddd,2,0.100027755313,EUROPE-AFRICA,2538475,34.013250000000,-6.832550000000,P,Maroc,MED
'Ottawa',fr,Canada,#95ef76,#95ef76,2,0.100026984103,NORTH-AMERICA,6094817,45.411170000000,-75.698120000000,P,Canada,ENA
'Canada',fr,Canada,#e9f394,#e9f394,2,0.100026984103,NORTH-AMERICA,6251999,60.108670000000,-113.642580000000,A,Canada,NWN
'Afghanistan',fr,Afghanistan,#6b5cec,#6b5cec,2,0.100026901690,ASIA,1149361,33.000000000000,66.000000000000,A,Afghanistan,WCA
'Kaboul',fr,Afghanistan,#755fed,#755fed,2,0.100026901690,ASIA,1138958,34.528130000000,69.172330000000,P,Afghanistan,WCA
'Pologne',fr,Poland,#83ccf1,#83ccf1,2,0.100026330654,EUROPE,798544,52.000000000000,20.000000000000,A,Pologne,WCE
'Varsovie',fr,Poland,#84cbf1,#84cbf1,2,0.100026330654,EUROPE,756135,52.229770000000,21.011780000000,P,Pologne,WCE
'Bagdad',fr,Iraq,#5d82ed,#5d82ed,2,0.100026018900,ASIA,98182,33.340580000000,44.400880000000,P,Irak,WCA
'Irak',fr,Iraq,#5c83ec,#5c83ec,2,0.100026018900,ASIA,99237,33.000000000000,44.000000000000,A,Irak,WCA
'Khartoum',fr,Sudan,#3989e9,#3989e9,2,0.100023922568,AFRICA,379252,15.551770000000,32.532410000000,P,Soudan,SAH
'Soudan',fr,Sudan,#3a91e9,#3a91e9,2,0.100023922568,AFRICA,366755,16.000000000000,30.000000000000,A,Soudan,SAH
'Algérie',fr,Algeria,#52e4eb,#52e4eb,2,0.100023680729,AFRICA,2589581,28.000000000000,3.000000000000,A,Algérie,SAH
'Alger',fr,Algeria,#64e6ed,#64e6ed,2,0.100023680729,EUROPE-AFRICA,2507480,36.732250000000,3.087460000000,P,Algérie,MED
'Kampala',fr,Uganda,#1a77e5,#1a77e5,2,0.100023406520,AFRICA,232422,0.316280000000,32.582190000000,P,Ouganda,SEAF
'Ouganda',fr,Uganda,#1c78e5,#1c78e5,2,0.100023406520,AFRICA,226074,1.250000000000,32.500000000000,A,Ouganda,SEAF
'Argentine',fr,Argentina,#1ba011,#1ba011,2,0.100022474687,SOUTH-AMERICA,3865483,-34.000000000000,-64.000000000000,A,Argentine,SES
'Kyiv',fr,Ukraine,#80b7f0,#80b7f0,2,0.100022410211,EUROPE,703448,50.454660000000,30.523800000000,P,Ukraine,WCE
'Espagne',fr,Spain,#6beee5,#6beee5,2,0.100021402392,EUROPE-AFRICA,2510769,40.000000000000,-4.000000000000,A,Espagne,MED
'Madrid',fr,Spain,#6beee6,#6beee6,2,0.100021402392,EUROPE-AFRICA,3117735,40.416500000000,-3.702560000000,P,Espagne,MED
'Bogotá',fr,Colombia,#50e622,#50e622,2,0.100020141520,SOUTH-AMERICA,3688689,4.609710000000,-74.081750000000,P,Colombie,NWS
'Colombie',fr,Colombia,#4de621,#4de621,2,0.100020141520,SOUTH-AMERICA,3686110,4.000000000000,-73.250000000000,A,Colombie,NWS
'Kenya',fr,Kenya,#1b65e5,#1b65e5,2,0.100019457899,AFRICA,192950,1.000000000000,38.000000000000,A,Kenya,SEAF
'Nairobi',fr,Kenya,#1967e2,#1967e2,2,0.100019457899,AFRICA,184745,-1.283330000000,36.816670000000,P,Kenya,SEAF
'Séoul',fr,South Korea,#ee66de,#ee66de,2,0.100019366613,ASIA,1835848,37.566000000000,126.978400000000,P,Corée du Sud,EAS
'Corée du Sud',fr,South Korea,#ed63db,#ed63db,2,0.100019366613,ASIA,1835841,36.500000000000,127.750000000000,A,Corée du Sud,EAS
'Birmanie',fr,Myanmar,#a744ea,#a744ea,2,0.100018619063,ASIA,1327865,21.000000000000,96.000000000000,A,Myanmar,SAS
'Nay Pyi Taw',fr,Myanmar,#a741e9,#a741e9,2,0.100018619063,ASIA,6611854,19.745000000000,96.129720000000,P,Myanmar,SAS
'Dodoma',fr,Tanzania,#1866d8,#1866d8,2,0.100017756203,AFRICA,160196,-6.172210000000,35.739470000000,P,Tanzanie,SEAF
'Tanzanie',fr,Tanzania,#1868d9,#1868d9,2,0.100017756203,AFRICA,149590,-6.000000000000,35.000000000000,A,Tanzanie,SEAF
'Afrique du Sud',fr,South Africa,#126daa,#126daa,2,0.100017307140,AFRICA,953987,-29.000000000000,24.000000000000,A,Afrique du Sud,WSAF
'Prétoria',fr,South Africa,#1367b0,#1367b0,2,0.100017307140,AFRICA,964137,-25.744860000000,28.187830000000,P,Afrique du Sud,ESAF
'Italie',fr,Italy,#70d4ef,#70d4ef,2,0.100016547721,EUROPE-AFRICA,3175395,42.833330000000,12.833330000000,A,Italie,MED
'Royaume-Uni',fr,United Kingdom,#89f1ed,#89f1ed,2,0.100015040084,EUROPE,2635167,54.758440000000,-2.695310000000,A,Royaume Uni,NEU
'Londres',fr,United Kingdom,#82f1f0,#82f1f0,2,0.100015040084,EUROPE,2643743,51.508530000000,-0.125740000000,P,Royaume Uni,NEU
'Bangkok',fr,Thailand,#ae35e8,#ae35e8,2,0.100014403302,ASIA,1609350,13.753980000000,100.501440000000,P,Thaïlande,SEA
'Ankara',fr,Turkey,#6aa6ee,#6aa6ee,2,0.100012147757,EUROPE-AFRICA,323786,39.919870000000,32.854270000000,P,Turquie,MED
'Berlin',fr,Germany,#84d9f1,#84d9f1,2,0.100012058665,EUROPE,2950159,52.524370000000,13.410530000000,P,Allemagne,WCE
'République démocratique du Congo',fr,Democratic Republic of the Congo,#1892e0,#1892e0,2,0.100011895120,AFRICA,203312,-2.500000000000,23.500000000000,A,RDC,CAF
'Kinshasa',fr,Democratic Republic of the Congo,#18aadc,#18aadc,2,0.100011895120,AFRICA,2314302,-4.327580000000,15.313570000000,P,RDC,CAF
'Viêt Nam',fr,Vietnam,#c53ae9,#c53ae9,2,0.100010466777,ASIA,1562822,16.166670000000,107.833330000000,A,Viêt Nam,SEA
'Hanoï',fr,Vietnam,#c344ea,#c344ea,2,0.100010466777,ASIA,1581130,21.024500000000,105.841170000000,P,Viêt Nam,EAS
'Caire',fr,Egypt,#569eec,#569eec,2,0.100010160165,EUROPE-AFRICA,360630,30.062630000000,31.249670000000,P,Égypte,MED
'Egypte',fr,Egypt,#509eeb,#509eeb,2,0.100010160165,AFRICA,357994,27.000000000000,30.000000000000,A,Égypte,SAH
'Manille',fr,Philippines,#e837e5,#e837e5,2,0.100009376296,ASIA,1701668,14.604200000000,120.982200000000,P,Philippines,SEA
'Philippines',fr,Philippines,#e834e0,#e834e0,2,0.100009376296,ASIA,1694008,13.408820000000,122.561550000000,A,Philippines,SEA
'Addis-Abeba',fr,Ethiopia,#2b6ee7,#2b6ee7,2,0.100009155450,AFRICA,344979,9.024970000000,38.746890000000,P,Éthiopie,NEAF
'Ethiopie',fr,Ethiopia,#2b6be7,#2b6be7,2,0.100009155450,AFRICA,337996,9.000000000000,39.500000000000,A,Éthiopie,NEAF
'Tokyo',fr,Japan,#ed62bf,#ed62bf,2,0.100007903320,ASIA,1850147,35.689500000000,139.691710000000,P,Japon,EAS
'Japon',fr,Japan,#ed62bf,#ed62bf,2,0.100007903320,ASIA,1861060,35.685360000000,139.753090000000,A,Japon,EAS
'Moscou',fr,Russia,#8bb1f2,#8bb1f2,2,0.100006921467,EUROPE,524901,55.752220000000,37.615560000000,P,Russie,WCE
'Bangladesh',fr,Bangladesh,#9a4aea,#9a4aea,2,0.100006197475,ASIA,1210997,24.000000000000,90.000000000000,A,Bangladesh,SAS
'Dacca',fr,Bangladesh,#9b49ea,#9b49ea,2,0.100006197475,ASIA,1185241,23.710400000000,90.407440000000,P,Bangladesh,SAS
'Nigeria',fr,Nigeria,#2dcee7,#2dcee7,2,0.100005105304,AFRICA,2328926,10.000000000000,8.000000000000,A,Nigeria,WAF
'Abuja',fr,Nigeria,#2bd0e7,#2bd0e7,2,0.100005105304,AFRICA,2352778,9.057850000000,7.495080000000,P,Nigeria,WAF
'Brasília',fr,Brazil,#17d126,#17d126,2,0.100004773969,SOUTH-AMERICA,3469034,-10.000000000000,-55.000000000000,A,Brésil,SAM
'Islamabad',fr,Pakistan,#7d5eed,#7d5eed,2,0.100004712202,ASIA,1176615,33.721480000000,73.043290000000,P,Pakistan,WCA
'Djakarta',fr,Indonesia,#ae18d8,#ae18d8,2,0.100003736035,ASIA,1642911,-6.214620000000,106.845130000000,P,Indonésie,SEA
'Inde',fr,India,#7a46ea,#7a46ea,2,0.100000739307,ASIA,1269750,22.000000000000,79.000000000000,A,Inde,SAS
'New Delhi',fr,India,#7f53eb,#7f53eb,2,0.100000739307,ASIA,1261481,28.621370000000,77.214800000000,P,Inde,SAS
